0795626025864,"Princeton Tec 1"" Headlamp Strap - Olive Drab",14.71,18.47
0795626025871,"Princeton Tec 1"" Headlamp Strap - Tan",14.71,18.47
0795626025956,"Princeton Tec 1"" APEX Head &amp; Crown Strap - Black",16.08,20.16
0795626025994,"Princeton Tec .75"" Headlamp Strap - Black",14.71,18.47
0795626026250,"Princeton Tec Attitude - Black",32.32,40.22
0795626026267,"Princeton Tec Attitude - Blue",32.32,40.22
0795626023082,"Princeton Tec Roam Headlamp - Black",41.39,51.42
0795626023075,"Princeton Tec Roam Headlamp - Neon Yellow",41.39,51.42
0795626007938,"Princeton Tec Sector Lens Cap",17.10,21.42
9316800618187,"Ronstan Dry Roll Top - 55L Backpack - Black &amp; Grey",99.09,122.67
0795626026854,"Princeton Tec Apex LED Headlamp - Black/Grey",74.48,92.28
0041205747086,"Thermos FUNtainer&reg; Stainless Steel Insulated Water Bottle with Straw - Teal",26.76,33.35
0795626026717,"Princeton Tec Axis Rechargeable LED HeadLamp - Black/Grey",53.39,66.23
0733073000010,"Adventure Medical Tick Nipper",17.03,21.34
0855726005675,"Shadow-Caster Bimini Blue Single Color Underwater Light - 16 LEDs - Bronze",398.56,499.00
0088379109913,"Magma Padded Grill &amp; Accessory Carrying/Storage Case f/Marine Kettle&reg; Grilles",67.80,84.03
0795626025529,"Princeton Tec League LED Flashlight - Neon Yellow",43.22,53.68
0041205666950,"Thermos FUNtainer&reg; Stainless Steel Insulated Pink Water Bottle w/Straw - 12oz",25.35,31.61
0088379000616,"Magma Newport II Classic Gas Grill",365.31,451.39
0088379001903,"Magma Padded Grill &amp; Accessory Carrying/Storage Case",41.11,51.07
0028985928201,"Thetford Porta Potti 365 Marine Toilet",161.69,199.96
0029402048618,"Minn Kota MKR-US2-15 Lowrance 8-Pin Tripleshot ADP f/Hook2",38.26,47.55
0014717583596,"Kuuma 33 Quart Soft-Sided Cooler w/Sealing Zipper - Waterproof Coated Nylon",218.42,270.01
0082271414373,"Frabill Cooler Saltwater Aeration System",63.54,78.77
0076501133288,"Coleman Carlsbad 4-Person Darkroom Tent w/Screen Room",179.08,221.44
0028985928140,"Thetford Porta Potti 345 Marine Toilet",139.68,172.79
0010342170798,"Ritchie X-21BU RitchieSport Compass - Dash Mount - Black/Blue",55.37,68.68
0795626026137,"Princeton Tec Torrent LED - Black",57.45,71.25
0795626026120,"Princeton Tec Torrent LED - Neon Yellow",57.45,71.25
7340176601513,"Albin Pump Marine Toilet Standard Electric EVO Comfort - 12V",375.07,463.45
0076501222975,"ColemanPerfectFlow&trade; InstaStart&trade; Fold N Go&trade; Stove - 2-Burner",129.06,159.67
0041205746874,"Thermos Vacuum Insulated 18oz Hydration Bottle - Stainless Steel w/Grey Grip",29.62,36.88
0028985923060,"Thetford Porta Potti 565E Curve Portable Toilet",180.65,223.38
"Does Not Apply","Coleman Even-Temp&trade; Propane Stove",168.78,208.72
0088379102648,"Magma Control Valve/Regulator - Medium Output",43.86,54.47
0088379102655,"Magma Control Valve/Regulator - High Output",43.86,54.47
0795626027059,"Princeton Tec Alloy-X Dual Fuel LED Pen Light",53.39,66.23
0795626007754,"Princeton Tec IMPACT XL LED Light - Black",35.85,44.58
0076501117714,"Coleman Popup 2 Tent",93.17,115.36
0035514405430,"Sea-Dog LED Cockpit Spreader Light 1440 Lumens - Black",46.74,58.02
0035514405447,"Sea-Dog LED Cockpit Spreader Light 1440 Lumens - White",51.17,63.49
0031275516811,"MetroVac MagicAir&reg;Electric Inflator/Deflator Pump - 110V",103.21,127.75
0088379102631,"Magma Control Valve/Regulator - Low Output",43.86,54.47
0076501133301,"Coleman 6-Person Darkroom Fast Pitch Dome Tent w/Screen Room",256.85,317.47
0707708212222,"S.O.L. Survive Outdoors Longer Emergency Blanket",14.55,18.28
0707708210303,"S.O.L. Survive Outdoors Longer Solar Shower - 20L",33.12,41.21
0707708210167,"S.O.L. Survive Outdoors Longer Stoke Camp Hatchet",35.78,44.49
0076501143805,"Coleman 3-Person &amp; 6-Person Connectable Tent Bundle w/Fast Pitch Setup - Set of 2 - Blue",376.73,465.49
0076501033816,"Coleman Cooler Quad Chair - Black",57.31,71.08
0874847002189,"Lenco Stainless Slide Bracket f/ Hatch Lifts",58.85,72.98
0707708200106,"S.O.L. Survive Outdoors Longer Rescue Howler Whistle - 2 Pack",15.87,19.90
0707708200267,"S.O.L. Survive Outdoors Longer Map Compass",15.89,19.93
0076501239560,"Coleman Peak1&trade; Single Burner Backpacking Butane/Propane Stove",33.84,42.09
0089300103093,"Lumitec Andros - Courtesy Light - Polished SS Finish - Blue Non-Dimming",29.48,36.71
0043311000871,"Full Throttle Manual Inflation Foot Pump - Black",30.61,38.11
0053522015670,"Wesbar Waterproof LED ID Light Bar - Red",40.61,50.45
0707708002984,"Adventure Medical Trauma Pak 3",39.92,49.60
"Does Not Apply","Coleman PerfectFlow&trade; 2-Burner Classic Stove - Propane",85.36,105.71
0707708210341,"S.O.L. Survive Outdoors Longer Pocket Chain Saw",25.83,32.20
0817342025215,"SeaDek 18"" x 8"" x 5mm RV Step Kit Storm Grey 2-Pads SeaDek Laser Logo",49.82,61.83
0041205747079,"Thermos FUNtainer&reg; Stainless Steel Insulated Straw Bottle - 12oz - Navy",26.76,33.35
0041205747093,"Thermos FUNtainer&reg; Stainless Steel Insulated Straw Bottle - 12oz - Purple",26.76,33.35
0041205747109,"Thermos FUNtainer&reg; Stainless Steel Insulated Straw Bottle - 12oz - Pink",26.76,33.35
0041205749097,"Thermos FUNtainer&reg; Stainless Steel Insulated Straw Bottle - 12oz - Lime",26.76,33.35
0041205749103,"Thermos FUNtainer&reg; Stainless Steel Insulated Straw Bottle - 12oz - Grey",26.76,33.35
0041205748977,"Thermos FUNtainer&reg; Stainless Steel Insulated Bottle w/Spout - 16oz - Stone Slate",28.46,35.45
0043311976848,"Onyx HydroMax Rain Pants - Large - Black",51.92,64.42
0043311976855,"Onyx HydroMax Rain Pants - X-Large - Black",51.92,64.42
0043311976695,"Onyx Essential Rain Jacket - Large - Grey",45.90,56.99
0043311976701,"Onyx Essential Rain Jacket - X-Large - Grey",45.90,56.99
0795626024683,"Princeton Tec SNAP Industrial - Green/Black",46.67,57.94
0795626026700,"Princeton Tec SNAP SOLO RGB - Black",39.35,48.90
0795626026694,"Princeton Tec SNAP SOLO - Red",35.83,44.55
0795626026670,"Princeton Tec SNAP SOLO - Blue",35.83,44.55
0795626026687,"Princeton Tec SNAP SOLO - Green",35.83,44.55
0076501232790,"Coleman PerfectFlow&trade; Single Burner Propane Stove",44.48,55.23
0707708213038,"S.O.L. Survive Outdoor Longer Venture Headlamp",29.14,36.29
0707708213076,"S.O.L. Survive Outdoor Longer Camp Lantern 3D",29.14,36.29
0076501017946,"ColemanHooligan&trade; 2 Tent - 8&#39; x 6&#39;",79.52,98.50
0062533072008,"Mustang Accessory Pocket f/Inflatable PFD - Orange",58.62,72.69
0062533085121,"MustangMustang Rescue Stick&trade; Re-Arm Kit",62.07,76.95
0076501158427,"Coleman Juniper Lake 4-Person Instant Dome Tent w/Annex",141.58,175.13
0062533072015,"Mustang Accessory Pocket f/Inflatable PFD - Black",58.62,72.69
0014717519083,"Camco Camping Stool Backpack Cooler - Camouflage",44.58,55.36
0014717519090,"Camco Camping Stool Backpack Cooler - Green",44.58,55.36
0014717225793,"Camco EvoFlex2 50&#39; Lightweight RV/Marine Drinking Water Hose - Fabric Reinforced - 5/8"" ID",40.15,49.89
0062533141612,"Mustang 50&#39; Bailer Throw Bag - Red",57.16,70.89
0014717398633,"Camco RhinoEXTREME 10&#39; Sewer Hose Extension w/Swivel Bayonet &amp; Lug",43.49,54.01
7340176601568,"Albin Pump Marine Toilet Silent Electric Compact - 24V",338.71,418.55
"Does Not Apply","Coleman Sundome Dome Tent 7&#39; x 7&#39; - 3 Person",86.35,106.93
0014717398657,"Camco RhinoEXTREME 5&#39; Sewer Hose Extension w/Swivel Bayonet &amp; Lug",36.67,45.59
0707708101236,"Adventure Medical RapidPure&reg; Purifier &amp; Bottle",44.38,55.11
0707708201240,"Adventure Medical RapidPure&reg; Purifier &amp; Insulated Bottle",81.50,100.94
0850024342415,"Shadow-Caster SC3 Series Underwater Light - Bimini Blue",207.85,256.96
0795626027240,"Princeton Tec Sector 7 LED Spotlight Light",95.69,119.99
"Does Not Apply","Coleman Elite Montana 8 Tent 16&#39; x 7&#39; w/LED",280.45,346.61
0088379002375,"Magma Crossover Single Burner Firebox",461.80,570.54
0817382014484,"Swobbit Aqua Dry PVA Cloth",23.27,29.04
0723193817032,"Raymarine RV-212 RealVision 3D&trade; Bronze Thru-Hull Transducer Pair Pack - 12&deg; - 8M Cable &amp; Y-Cable",1814.42,2240.75
0723193817049,"Raymarine RV-220 RealVision 3D&trade; Bronze Thru-Hull Transducer Pair Pack - 20&deg; - 8M Cable &amp; Y-Cable",1814.42,2240.75
0010407110905,"SI-TEX NavPro 1200 w/Wifi - Includes Internal GPS Receiver/Antenna",1706.23,2107.16
0816882022333,"Mastervolt CombiMaster 24V - 3000W - 70 Amp (120V)",1710.74,2112.73
0062533692183,"Mustang Sentinel&trade; Series Water Rescue Dry Suit - Fluorescent Yellow Green/Black - 3XL Short",1762.68,2176.87
"Does Not Apply","Lewmar 140TT 2.0kW Bow Thruster Kit -12V",1754.04,2166.20
0707708201059,"Adventure Medical RapidPure&reg; Purifier &amp; UltraLight Straw",31.12,38.74
0795626027226,"Princeton Tec Attitude - Neon Yellow",32.32,40.22
"Does Not Apply","Intellian S6HD LNB &amp; Feed Horn Assembly",1699.60,2098.97
